{
  "total": 6480,
  "successful": 2513,
  "failed": 3967,
  "success_rate": 38.78086419753086,
  "vram": {
    "mean": 6.294862465985591,
    "median": 2.2739791870117188,
    "max": 43.46634101867676,
    "min": 0.16011571884155273,
    "std": 8.720793980985375
  }
}