{
  "total": 1350,
  "successful": 1034,
  "failed": 316,
  "success_rate": 76.5925925925926,
  "vram": {
    "mean": 6.504060332503033,
    "median": 2.211580753326416,
    "max": 43.46634101867676,
    "min": 0.2919516563415527,
    "std": 8.805436858013163
  }
}